ID;type;Pd;Qd;Gs;Bs;area_num;Vm;Va;baseKV;zone;max_Vm;min_Vm
1;3;0.0;0;0.0;0.0;1;1.10000;-0.00000;240.0;1;1.10000;0.90000
2;1;0.0;0;0.0;0.0;1;0.92617;7.25883;240.0;1;1.10000;0.90000
3;1;100.0;0.0;0.0;0.0;1;0.90000;-17.26710;240.0;2;1.10000;0.90000
