ID;f_bus;t_bus;r;x;b;rateA;rateB;rateC;ratio;angle 
1;1;2;0.01008;0.05040;0.05125;80.0;0.0;0.0;0.0;0.0	
2;1;3;0.00744;0.03720;0.03875;100.0;0.0;0.0;0.0;0.0
3;2;4;0.00744;0.03720;0.03875;100.0;0.0;0.0;0.0;0.0
4;3;4;0.01272;0.06360;0.06375;100.0;0.0;0.0;0.0;0.0
