ID;type;Pd;Qd;Gs;Bs;area_num;Vm;Va;baseKV;zone;max_Vm;min_Vm
1;3;50.0;30.99;0.0;0.0;1;1.1;0.00000;240.0;1;1.10000;0.90000
2;1;170.0;105.35;0.0;0.0;1;1.0;0.0;240.0;1;1.10000;0.90000
3;1;200.0;123.94;0.0;0.0;1;1.0;0.0;240.0;2;1.10000;0.90000
4;1;80.0;49.59;0.0;0.0;1;1.02;0.0;240.0;2;1.10000;0.90000
