model;startup;shutdown;n;c2;c1;c0
2;0.0;0.0;3;0.100000;5.000000;0.000000
2;0.0;0.0;3;0.085000;1.200000;0.000000
