ID;bus;P;Q;Qmax;Qmin;V;mBase;status;Pmax;Pmin 
1;1;0;0;1000.0;-1000.0;1.1;100.0;1;2000.0;0.0
4;2;100;0;1000.0;-1000.0;0.92617;100.0;1;1500.0;0.0
5;1;0;0;1000.0;-1000.0;1.1;100.0;1;2000.0;0.0
6;2;100;0;1000.0;-1000.0;0.92617;100.0;1;1500.0;0.0
